{
  "name": "Country",
  "fields": [
    {
      "fieldName": "countryName",
      "fieldType": "String"
    },
    {
      "fieldName": "region",
      "fieldType": "String"
    },
    {
      "fieldName": "city",
      "fieldType": "String"
    }
  ],
  "relationships": [
    {
      "relationshipType": "one-to-many",
      "otherEntityName": "userProfile",
      "otherEntityRelationshipName": "country",
      "relationshipName": "userProfile"
    },
    {
      "relationshipType": "one-to-one",
      "otherEntityName": "travelRoute",
      "otherEntityRelationshipName": "country",
      "relationshipName": "travelRoute",
      "ownerSide": false
    }
  ],
  "changelogDate": "20200527213707",
  "entityTableName": "country",
  "dto": "no",
  "pagination": "pagination",
  "service": "serviceClass",
  "jpaMetamodelFiltering": false,
  "fluentMethods": true,
  "readOnly": false,
  "embedded": false,
  "clientRootFolder": "",
  "applications": "*"
}
