{
  "name": "Favorite",
  "fields": [
    {
      "fieldName": "jhiLike",
      "fieldType": "Boolean"
    },
    {
      "fieldName": "notLike",
      "fieldType": "Boolean"
    }
  ],
  "relationships": [
    {
      "relationshipType": "many-to-one",
      "otherEntityName": "travelRoute",
      "otherEntityRelationshipName": "favorite",
      "relationshipName": "travelRoute",
      "otherEntityField": "id"
    },
    {
      "relationshipType": "many-to-one",
      "otherEntityName": "userProfile",
      "otherEntityRelationshipName": "favorite",
      "relationshipName": "userProfile",
      "otherEntityField": "id"
    }
  ],
  "changelogDate": "20200527214507",
  "entityTableName": "favorite",
  "dto": "no",
  "pagination": "pagination",
  "service": "serviceClass",
  "jpaMetamodelFiltering": false,
  "fluentMethods": true,
  "readOnly": false,
  "embedded": false,
  "clientRootFolder": "",
  "applications": "*"
}
