{
  "name": "Following",
  "fields": [
    {
      "fieldName": "follow",
      "fieldType": "Boolean"
    },
    {
      "fieldName": "accepted",
      "fieldType": "Boolean"
    },
    {
      "fieldName": "userFollower",
      "fieldType": "Long"
    },
    {
      "fieldName": "userFollowed",
      "fieldType": "Long"
    }
  ],
  "relationships": [
    {
      "relationshipType": "one-to-many",
      "otherEntityName": "userProfile",
      "otherEntityRelationshipName": "following",
      "relationshipName": "userProfile"
    },
    {
      "relationshipType": "many-to-one",
      "otherEntityName": "userProfile",
      "otherEntityRelationshipName": "following",
      "relationshipName": "userProfile",
      "otherEntityField": "id"
    }
  ],
  "changelogDate": "20200527214107",
  "entityTableName": "following",
  "dto": "no",
  "pagination": "pagination",
  "service": "serviceClass",
  "jpaMetamodelFiltering": false,
  "fluentMethods": true,
  "readOnly": false,
  "embedded": false,
  "clientRootFolder": "",
  "applications": "*"
}
