{
  "name": "Photo",
  "fields": [
    {
      "fieldName": "titlePhoto",
      "fieldType": "String"
    },
    {
      "fieldName": "descriptionPhoto",
      "fieldType": "String"
    },
    {
      "fieldName": "photoMain",
      "fieldType": "Boolean"
    },
    {
      "fieldName": "photoMap",
      "fieldType": "Boolean"
    },
    {
      "fieldName": "photoLocation",
      "fieldType": "Boolean"
    },
    {
      "fieldName": "photoProfile",
      "fieldType": "Boolean"
    },
    {
      "fieldName": "urlPhoto",
      "fieldType": "String"
    },
    {
      "fieldName": "codePhoto",
      "fieldType": "Integer"
    },
    {
      "fieldName": "imageRoute",
      "fieldType": "byte[]",
      "fieldTypeBlobContent": "any"
    }
  ],
  "relationships": [
    {
      "relationshipType": "one-to-one",
      "otherEntityName": "userProfile",
      "otherEntityRelationshipName": "photo",
      "relationshipName": "userProfile",
      "ownerSide": false
    },
    {
      "relationshipType": "many-to-one",
      "otherEntityName": "travelRoute",
      "otherEntityRelationshipName": "photo",
      "relationshipName": "travelRoute",
      "otherEntityField": "id"
    }
  ],
  "changelogDate": "20200527214207",
  "entityTableName": "photo",
  "dto": "no",
  "pagination": "pagination",
  "service": "serviceClass",
  "jpaMetamodelFiltering": false,
  "fluentMethods": true,
  "readOnly": false,
  "embedded": false,
  "clientRootFolder": "",
  "applications": "*"
}
