{
  "name": "Qr",
  "fields": [
    {
      "fieldName": "qrDescription",
      "fieldType": "String"
    },
    {
      "fieldName": "data1",
      "fieldType": "Double"
    },
    {
      "fieldName": "data2",
      "fieldType": "Double"
    },
    {
      "fieldName": "data3",
      "fieldType": "Double"
    }
  ],
  "relationships": [
    {
      "relationshipType": "one-to-one",
      "otherEntityName": "location",
      "otherEntityRelationshipName": "qr",
      "relationshipName": "location",
      "ownerSide": false
    },
    {
      "relationshipType": "many-to-one",
      "otherEntityName": "travelRoute",
      "otherEntityRelationshipName": "qr",
      "relationshipName": "travelRoute",
      "otherEntityField": "id"
    }
  ],
  "changelogDate": "20200527214407",
  "entityTableName": "qr",
  "dto": "no",
  "pagination": "pagination",
  "service": "serviceClass",
  "jpaMetamodelFiltering": false,
  "fluentMethods": true,
  "readOnly": false,
  "embedded": false,
  "clientRootFolder": "",
  "applications": "*"
}
