{
  "name": "TravelRoute",
  "fields": [
    {
      "fieldName": "titleRoute",
      "fieldType": "String"
    },
    {
      "fieldName": "destination",
      "fieldType": "String"
    },
    {
      "fieldName": "continent",
      "fieldType": "Continent",
      "fieldValues": "ASIA,AFRICA,EUROPE,AUSTRALIA,AMERICANORTH,AMERICASOUTH,ANTARCTICA"
    },
    {
      "fieldName": "days",
      "fieldType": "Integer"
    },
    {
      "fieldName": "weeks",
      "fieldType": "Integer"
    },
    {
      "fieldName": "season",
      "fieldType": "Season",
      "fieldValues": "SPRING,SUMMER,AUTUMN,WINTER"
    },
    {
      "fieldName": "budget",
      "fieldType": "Double"
    },
    {
      "fieldName": "category",
      "fieldType": "Category",
      "fieldValues": "CHEAP,LUXURY,LONELY,FRIENDS,ROMANTIC,KIDS,SPORT,RELAXATION,ART,FOOD,NATURE,CITY"
    },
    {
      "fieldName": "categoryTwo",
      "fieldType": "CategoryTwo",
      "fieldValues": "CHEAP,LUXURY,LONELY,FRIENDS,ROMANTIC,KIDS,SPORT,RELAXATION,ART,FOOD,NATURE,CITY"
    },
    {
      "fieldName": "valueAverage",
      "fieldType": "Double"
    },
    {
      "fieldName": "descriptionRouteSummary",
      "fieldType": "String"
    },
    {
      "fieldName": "descriptionRoute",
      "fieldType": "String"
    },
    {
      "fieldName": "steps",
      "fieldType": "Integer"
    },
    {
      "fieldName": "summaryMap",
      "fieldType": "String"
    },
    {
      "fieldName": "createdAt",
      "fieldType": "LocalDate"
    },
    {
      "fieldName": "updatedAt",
      "fieldType": "LocalDate"
    }
  ],
  "relationships": [
    {
      "relationshipType": "one-to-one",
      "otherEntityName": "country",
      "otherEntityRelationshipName": "travelRoute",
      "relationshipName": "country",
      "otherEntityField": "id",
      "ownerSide": true
    },
    {
      "relationshipType": "one-to-many",
      "otherEntityName": "location",
      "otherEntityRelationshipName": "travelRoute",
      "relationshipName": "location"
    },
    {
      "relationshipType": "one-to-many",
      "otherEntityName": "favorite",
      "otherEntityRelationshipName": "travelRoute",
      "relationshipName": "favorite"
    },
    {
      "relationshipType": "one-to-many",
      "otherEntityName": "photo",
      "otherEntityRelationshipName": "travelRoute",
      "relationshipName": "photo"
    },
    {
      "relationshipType": "one-to-many",
      "otherEntityName": "valuation",
      "otherEntityRelationshipName": "travelRoute",
      "relationshipName": "valuation"
    },
    {
      "relationshipType": "one-to-many",
      "otherEntityName": "qr",
      "otherEntityRelationshipName": "travelRoute",
      "relationshipName": "qr"
    },
    {
      "relationshipType": "many-to-one",
      "otherEntityName": "userProfile",
      "otherEntityRelationshipName": "travelRoute",
      "relationshipName": "userProfile",
      "otherEntityField": "id"
    }
  ],
  "changelogDate": "20200527213907",
  "entityTableName": "travel_route",
  "dto": "no",
  "pagination": "pagination",
  "service": "serviceClass",
  "jpaMetamodelFiltering": false,
  "fluentMethods": true,
  "readOnly": false,
  "embedded": false,
  "clientRootFolder": "",
  "applications": "*"
}
