{
  "name": "UserProfile",
  "fields": [
    {
      "fieldName": "firstName",
      "fieldType": "String"
    },
    {
      "fieldName": "lastName",
      "fieldType": "String"
    },
    {
      "fieldName": "email",
      "fieldType": "String"
    },
    {
      "fieldName": "telephone",
      "fieldType": "Integer"
    },
    {
      "fieldName": "userName",
      "fieldType": "String"
    },
    {
      "fieldName": "password",
      "fieldType": "String"
    },
    {
      "fieldName": "age",
      "fieldType": "Integer"
    },
    {
      "fieldName": "biography",
      "fieldType": "String"
    },
    {
      "fieldName": "createdAt",
      "fieldType": "LocalDate"
    },
    {
      "fieldName": "updatedAt",
      "fieldType": "LocalDate"
    },
    {
      "fieldName": "follower",
      "fieldType": "Long"
    },
    {
      "fieldName": "followed",
      "fieldType": "Long"
    }
  ],
  "relationships": [
    {
      "relationshipType": "one-to-one",
      "otherEntityName": "photo",
      "otherEntityRelationshipName": "userProfile",
      "relationshipName": "photo",
      "otherEntityField": "id",
      "ownerSide": true
    },
    {
      "relationshipType": "one-to-many",
      "otherEntityName": "travelRoute",
      "otherEntityRelationshipName": "userProfile",
      "relationshipName": "travelRoute"
    },
    {
      "relationshipType": "one-to-many",
      "otherEntityName": "valuation",
      "otherEntityRelationshipName": "userProfile",
      "relationshipName": "valuation"
    },
    {
      "relationshipType": "one-to-many",
      "otherEntityName": "following",
      "otherEntityRelationshipName": "userProfile",
      "relationshipName": "following"
    },
    {
      "relationshipType": "one-to-many",
      "otherEntityName": "favorite",
      "otherEntityRelationshipName": "userProfile",
      "relationshipName": "favorite"
    },
    {
      "relationshipType": "many-to-one",
      "otherEntityName": "country",
      "otherEntityRelationshipName": "userProfile",
      "relationshipName": "country",
      "otherEntityField": "id"
    },
    {
      "relationshipType": "many-to-one",
      "otherEntityName": "following",
      "otherEntityRelationshipName": "userProfile",
      "relationshipName": "following",
      "otherEntityField": "id"
    }
  ],
  "changelogDate": "20200527214007",
  "entityTableName": "user_profile",
  "dto": "no",
  "pagination": "pagination",
  "service": "serviceClass",
  "jpaMetamodelFiltering": false,
  "fluentMethods": true,
  "readOnly": false,
  "embedded": false,
  "clientRootFolder": "",
  "applications": "*"
}
