{
  "name": "Valuation",
  "fields": [
    {
      "fieldName": "rating",
      "fieldType": "Integer"
    },
    {
      "fieldName": "comment",
      "fieldType": "String"
    }
  ],
  "relationships": [
    {
      "relationshipType": "many-to-one",
      "otherEntityName": "travelRoute",
      "otherEntityRelationshipName": "valuation",
      "relationshipName": "travelRoute",
      "otherEntityField": "id"
    },
    {
      "relationshipType": "many-to-one",
      "otherEntityName": "userProfile",
      "otherEntityRelationshipName": "valuation",
      "relationshipName": "userProfile",
      "otherEntityField": "id"
    }
  ],
  "changelogDate": "20200527214307",
  "entityTableName": "valuation",
  "dto": "no",
  "pagination": "pagination",
  "service": "serviceClass",
  "jpaMetamodelFiltering": false,
  "fluentMethods": true,
  "readOnly": false,
  "embedded": false,
  "clientRootFolder": "",
  "applications": "*"
}
