id;position;title_location;description_location;x_coordinate;y_coordinate;qr_activation;qr_description;created_at;updated_at
1;53222;cross-platform;Grocery haptic calculate;73788;22113;true;algorithm Pants;2020-05-27;2020-05-27
2;60283;cross-platform;green virtual;50802;37489;true;Peso Uruguayo Uruguay Peso en Unidades Indexadas Wisconsin Frozen;2020-05-26;2020-05-27
3;2812;Falkland Islands (Malvinas) cross-platform Legacy;bricks-and-clicks Secured;78165;28874;true;Savings Account Reverse-engineered;2020-05-26;2020-05-26
4;17124;Granite;compressing;61;90908;true;pink;2020-05-27;2020-05-27
5;87783;Delaware Diverse Northern Mariana Islands;SAS Sports Licensed;68807;91503;true;parsing;2020-05-27;2020-05-27
6;54460;Checking Account analyzer Licensed Fresh Salad;open-source help-desk;32239;48604;true;Illinois Business-focused;2020-05-27;2020-05-27
7;13042;compelling Algeria;Fantastic Plastic Computer invoice;97414;14705;true;impactful infomediaries Martinique;2020-05-27;2020-05-27
8;8913;alarm Missouri fuchsia;Moldovan Leu calculating Checking Account;81252;3020;false;Stream cross-platform;2020-05-27;2020-05-27
9;47067;Fresh auxiliary;connect TCP Mauritius;95297;71443;false;teal;2020-05-27;2020-05-27
10;42465;synthesize Refined sky blue;drive bus;35797;80988;false;withdrawal Nigeria;2020-05-27;2020-05-27
