id;title_photo;description_photo;photo_main;photo_map;photo_location;photo_profile;url_photo;code_photo;image_route;image_route_content_type
1;ADP Mountain Metal;user-facing harness haptic;true;true;true;true;Security;9172;../fake-data/blob/hipster.png;image/png
2;Lebanon;Handcrafted Metal Computer;true;true;true;true;Mouse;63349;../fake-data/blob/hipster.png;image/png
3;neural compress;New York;true;false;true;false;Assurance Savings Account;39760;../fake-data/blob/hipster.png;image/png
4;parsing Frozen;clear-thinking;true;true;false;true;Djibouti Franc Human;45824;../fake-data/blob/hipster.png;image/png
5;users olive;Fish;false;false;false;true;algorithm;46326;../fake-data/blob/hipster.png;image/png
6;payment;Money Market Account;false;true;false;false;bottom-line payment West Virginia;97852;../fake-data/blob/hipster.png;image/png
7;middleware;Direct Swaziland Alabama;false;false;false;false;bleeding-edge mission-critical Mountain;31660;../fake-data/blob/hipster.png;image/png
8;panel;action-items Metal;false;false;false;true;bandwidth Versatile;51519;../fake-data/blob/hipster.png;image/png
9;Shirt PCI;paradigms copying;true;false;false;false;Car;46266;../fake-data/blob/hipster.png;image/png
10;web-readiness Togo;Checking Account Automotive compressing;true;true;false;true;invoice silver;25462;../fake-data/blob/hipster.png;image/png
