id;title_route;destination;continent;days;weeks;season;budget;category;category_two;value_average;description_route_summary;description_route;steps;summary_map;created_at;updated_at
1;Producer action-items Money Market Account;Triple-buffered;ANTARCTICA;62206;98283;AUTUMN;38120;LONELY;CHEAP;40347;iterate solutions;Industrial Ergonomic Fresh Soap;12562;reinvent;2020-05-27;2020-05-27
2;Rhode Island dynamic connect;Brand solution Borders;AMERICANORTH;594;51475;WINTER;76633;ROMANTIC;RELAXATION;62999;withdrawal Investment Account;Rubber Investment Account;35715;red;2020-05-27;2020-05-27
3;Indian Rupee Washington;alarm vortals Usability;ASIA;39316;6562;WINTER;29906;LUXURY;KIDS;77731;THX bandwidth;Accounts Future Intranet;3778;proactive systems interface;2020-05-27;2020-05-27
4;Handcrafted Plastic Tuna synthesize Rhode Island;Island Shoes invoice;AFRICA;60179;22993;SPRING;48808;CHEAP;RELAXATION;4558;Auto Loan Account mindshare Networked;Hills Dynamic;83637;empower Assurance;2020-05-27;2020-05-27
5;Consultant navigating;Borders Specialist Shoes;AMERICANORTH;86044;73084;WINTER;62166;SPORT;KIDS;93325;Lithuanian Litas;back-end Plains;56947;Electronics;2020-05-26;2020-05-27
6;Soft Money Market Account;Vatu Ergonomic Fresh Ball;AFRICA;49076;60939;SUMMER;55;FRIENDS;SPORT;61122;Liaison Principal;Principal;47231;deposit;2020-05-26;2020-05-27
7;Regional Utah;SQL;ANTARCTICA;6987;56632;WINTER;44412;ART;FOOD;65590;CSS Global;Metal Phased tangible;92153;Optimization Fresh Legacy;2020-05-26;2020-05-27
8;withdrawal New Taiwan Dollar;payment attitude California;ANTARCTICA;74532;33852;AUTUMN;27567;SPORT;ROMANTIC;8100;Clothing magnetic Dam;methodology channels compelling;22617;needs-based Jersey software;2020-05-27;2020-05-27
9;generate Dynamic scale;Internal Sleek;AUSTRALIA;98487;40359;AUTUMN;43648;KIDS;NATURE;40592;red;Sleek Plastic Bacon Extended;86256;calculating Fiji Dollar Tasty;2020-05-27;2020-05-27
10;impactful cohesive;Strategist;AFRICA;6902;54028;SPRING;23854;LUXURY;FOOD;38929;infrastructures;deposit grey;53109;morph;2020-05-27;2020-05-26
