{
  "generator-jhipster": {
    "promptValues": {
      "packageName": "com.beroutesjhx"
    },
    "jhipsterVersion": "6.9.0",
    "applicationType": "monolith",
    "baseName": "BeRoutesJHX",
    "packageName": "com.beroutesjhx",
    "packageFolder": "com/beroutesjhx",
    "serverPort": "8080",
    "authenticationType": "jwt",
    "cacheProvider": "ehcache",
    "enableHibernateCache": true,
    "websocket": false,
    "databaseType": "sql",
    "devDatabaseType": "h2Disk",
    "prodDatabaseType": "mysql",
    "searchEngine": "elasticsearch",
    "messageBroker": false,
    "serviceDiscoveryType": "eureka",
    "buildTool": "maven",
    "enableSwaggerCodegen": false,
    "jwtSecretKey": "ZTc0OGVlZDdhZTY1NzlmMjUxNzM0ZDUzYTNmY2FmMmExMzNiMDMxZjNhNWRkZDdhN2VkNjlkY2ZiYmMxMWNkN2E1NjFlMWQ3ZGZlYjk3YTEwMDZmYjMwZWUxNjllZDJiOWNhMjU3ZjkyMDFmYmU3NWI4ZjkwMzBmYTdmMzEwM2M=",
    "embeddableLaunchScript": false,
    "useSass": true,
    "clientPackageManager": "npm",
    "clientFramework": "angularX",
    "clientTheme": "none",
    "clientThemeVariant": "",
    "creationTimestamp": 1590607678184,
    "testFrameworks": [],
    "jhiPrefix": "jhi",
    "entitySuffix": "",
    "dtoSuffix": "DTO",
    "otherModules": [],
    "enableTranslation": false,
    "blueprints": []
  }
}
